ts	phase	decision	why	evidence	result
2026-07-10T08:54:25Z	frame	build a protocol-breaking fixed-shape recursion V2	the current parent AIR omits verifier obligations and cannot soundly discard descendants	crates/recursion/src/node.rs:399, crates/recursion/src/openings.rs:61	open
2026-07-10T08:54:25Z	frame	use one slot-indexed universal AIR with segment, empty, and binary-node modes	exact slot coverage and decreasing height make the induction and padding canonical	crates/recursion/src/boundary.rs:14, crates/recursion/src/node.rs:519	open
2026-07-10T08:54:25Z	baseline	release workspace suite is the runtime gate	recursion proving is impractically slow without optimization	cargo test --workspace --release --no-fail-fast	1 target failed in 571.93s
2026-07-10T08:54:25Z	baseline	fix the AIR table-rendering regression before protocol work	a known unrelated failure would hide whether later phases restore a green baseline	crates/air/src/trace.rs:395	reproduced in debug and release
2026-07-10T08:54:25Z	preflight	start from the clean remote-synchronized branch	the implementation must not absorb untracked user work or stale remote changes	bf4562b8f15cf9e29d41724c29b0d9819583e778	clean, 0 ahead, 0 behind
2026-07-10T08:55:17Z	baseline	replace the brittle multi-table rendering test with the missing structured JAL header check	two assertions duplicated neighboring tests and rendered strings truncate table headers	crates/air/src/trace.rs:395	51 release tests passed
2026-07-10T08:57:00Z	baseline	commit and push the green release baseline before recursion work	later failures need a clean known-good starting point	commit 808efd04	pushed
2026-07-10T09:10:01Z	atomic-hash	bind every Merkle permutation input and output in one poseidon2_io tuple	separate input and output multisets admit cross-call output permutation	cargo test -p recursion --lib --release test_recursion_air_rejects_permuted_merkle_hash_outputs	red accepted splice; green rejected splice; 56 active release tests passed
2026-07-10T09:15:21Z	trusted-root	compare proof commitment zero with the verifier preprocessing root before transcript replay	trusted lookup columns must not be selected by a proof	cargo test -p prover --test integration --release test_verify_rejects_mismatched_preprocessing_commitment	red accepted mismatch; green returned PreprocessingCommitmentMismatch; full delegated prover release suite passed
2026-07-10T09:15:21Z	capacity	reject every capacity-segmented result whose finalized tables exceed max_rows	commitment finalization adds program, memory, Merkle, and Poseidon2 rows after the live capacity check	cargo test -p runner --test capacity --release	red returned oversized segment; green returned FinalizedSegmentCapacityExceeded; full delegated runner release suite passed
2026-07-10T09:22:09Z	protocol	encode every transcript-affecting PCS parameter and fixed proof-shape field in one tagged manifest	proof-selected config or omitted fields would fork native and recursive verification	cargo test -p air --lib --release digest::tests; cargo test -p recursion --lib --release v2::protocol::tests	6 digest and 41 manifest release cases passed; delegated full air and recursion release libs passed
2026-07-10T09:44:19Z	statement	make the binary induction a checked slot-indexed statement with canonical suffix padding	exact adjacent ranges and minimal root height exclude missing, reordered, overlapping, and interior-empty segments	cargo test -p recursion --lib --release v2::statement::tests	25 focused release cases passed; full isolated air 58 and recursion 122 active release tests passed
